{"client":"Thunder Client","collectionName":"HbWebSol","dateExported":"2022-10-20T05:36:21.938Z","version":"1.1","folders":[{"_id":"1fb4c5f7-40bb-4c60-b684-c8cfc96e6445","name":"Admin","containerId":"","created":"2022-10-18T16:53:56.011Z","sortNum":10000},{"_id":"1a2576c9-f3d2-49f2-a659-32efa636d2b2","name":"Class","containerId":"","created":"2022-10-18T18:17:45.596Z","sortNum":20000},{"_id":"542f2f88-5e14-4095-a939-b8d11fae2269","name":"Student","containerId":"","created":"2022-10-18T18:53:30.379Z","sortNum":40000},{"_id":"1f4d2eed-dd02-46bf-82ff-49430b54d95e","name":"Section","containerId":"","created":"2022-10-18T20:41:51.207Z","sortNum":50000}],"requests":[{"_id":"e3c09a8b-3b64-4847-a6af-b9cef2892283","colId":"689fc550-098e-4557-9dc4-4e7849d14606","containerId":"1fb4c5f7-40bb-4c60-b684-c8cfc96e6445","name":"signup","url":"localhost:3000/admin","method":"GET","sortNum":10000,"created":"2022-10-18T16:54:07.666Z","modified":"2022-10-20T05:22:24.324Z","headers":[],"params":[],"body":{"type":"json","raw":"{\n  \"email\":\"majidkhan@live.com\",\n  \"password\":\"Majid@123\"\n}","form":[]},"tests":[]},{"_id":"4c992ad5-00d5-4283-979c-41736c1a0515","colId":"689fc550-098e-4557-9dc4-4e7849d14606","containerId":"1fb4c5f7-40bb-4c60-b684-c8cfc96e6445","name":"login","url":"localhost:3000/admin?username=majdkhanliver11@live.com&password=Majid@123","method":"POST","sortNum":20000,"created":"2022-10-18T17:29:06.734Z","modified":"2022-10-20T05:22:41.819Z","headers":[],"params":[{"name":"username","value":"majdkhanliver11@live.com","isPath":false},{"name":"password","value":"Majid@123","isPath":false}],"body":{"type":"json","raw":"{\n  \"username\":\"majidkhan@live.com\",\n  \"password\":\"Majid@123\"\n}","form":[]},"tests":[]},{"_id":"f24008a1-327b-4753-a6c9-95eea891ecfe","colId":"689fc550-098e-4557-9dc4-4e7849d14606","containerId":"1a2576c9-f3d2-49f2-a659-32efa636d2b2","name":"AddClass","url":"localhost:3000/classes","method":"POST","sortNum":30000,"created":"2022-10-18T18:18:04.704Z","modified":"2022-10-19T15:27:36.703Z","headers":[],"params":[],"body":{"type":"json","raw":"{\n  \"name\":\"9th\",\n  \"capacity\":50\n}","form":[]},"tests":[]},{"_id":"1a5f85c4-5cb6-45a1-8aca-d1e40e5fae88","colId":"689fc550-098e-4557-9dc4-4e7849d14606","containerId":"1a2576c9-f3d2-49f2-a659-32efa636d2b2","name":"getAll","url":"localhost:3000/classes/","method":"GET","sortNum":40000,"created":"2022-10-18T18:30:58.023Z","modified":"2022-10-20T05:33:56.890Z","headers":[{"name":"token","value":"eyJhbGciOiJIUzI1NiIsIn5cCI6IkpXVCJ9.eyJ1c2VybmFtZSI6Im1hamlka2hhbkBsaXZlLmNvbSIsImlzQWRtaW4iOnRydWUsImlhdCI6MTY2NjI0Mzc3N30.vG5gvFHqL5mzYV2sJY_jyeqeu-YnD4OrKN6ADa6vhkA"}],"params":[],"tests":[]},{"_id":"d19b9439-4f64-41f3-aa80-e2de888d1795","colId":"689fc550-098e-4557-9dc4-4e7849d14606","containerId":"542f2f88-5e14-4095-a939-b8d11fae2269","name":"addStudent","url":"localhost:3000/students","method":"POST","sortNum":50000,"created":"2022-10-18T18:53:38.629Z","modified":"2022-10-20T05:04:12.769Z","headers":[],"params":[],"body":{"type":"json","raw":"{\n\n            \"firstName\": \"Majid\",\n            \"lastName\": \"Khan\",\n            \"fathersName\": \"Mohd ayoub\",\n            \"mothersName\": \"mubeena\",\n            \"mobileNo\": 7006056384,\n            \"whatsAppNo\": 7006056384,\n            \"emailId\": \"majidkhanliver@live.com\",\n            \"DOB\": \"1998-03-02\",\n            \"Address\": {\n                \"street\": \"Near masjid\",\n                \"city\": \"Anantnag\",\n                \"state\": \"J&K\",\n                \"pinCode\": 192401,\n                \"country\": \"India\"\n            },\n            \"secitonId\":\"634f83ce22e5b370e3ee8f3\"\n        }","form":[]},"tests":[]},{"_id":"1a144aa5-faa8-4462-8cc7-f72b644c1b0c","colId":"689fc550-098e-4557-9dc4-4e7849d14606","containerId":"542f2f88-5e14-4095-a939-b8d11fae2269","name":"getAllStudents","url":"localhost:3000/students","method":"GET","sortNum":60000,"created":"2022-10-18T18:59:01.772Z","modified":"2022-10-18T19:15:40.178Z","headers":[],"params":[],"tests":[]},{"_id":"0fbba2a8-8caa-4003-af02-cd8d9ea3b45e","colId":"689fc550-098e-4557-9dc4-4e7849d14606","containerId":"542f2f88-5e14-4095-a939-b8d11fae2269","name":"getSingleStudent","url":"localhost:3000/students/63501bc23b0f5db65267ba7d","method":"GET","sortNum":70000,"created":"2022-10-18T19:04:01.302Z","modified":"2022-10-19T15:46:23.121Z","headers":[],"params":[],"tests":[]},{"_id":"d26f0ad2-6e70-4378-9ef7-4adfa7c9003e","colId":"689fc550-098e-4557-9dc4-4e7849d14606","containerId":"542f2f88-5e14-4095-a939-b8d11fae2269","name":"updateStudent","url":"localhost:3000/students/634ef6e55a51d5dc36f67621","method":"PUT","sortNum":80000,"created":"2022-10-18T19:11:52.383Z","modified":"2022-10-18T19:12:38.821Z","headers":[],"params":[],"body":{"type":"json","raw":"{\n\n            \"firstName\": \"Majid\",\n            \"lastName\": \"Khan\",\n            \"fathersName\": \"Mohd ayoub\",\n            \"mothersName\": \"mubeena\",\n            \"mobileNo\": 9596953676,\n            \"whatsAppNo\": 7006056384,\n            \"emailId\": \"majidkhanliver@live.com\",\n            \"DOB\": \"1998-03-02\",\n            \"Address\": {\n                \"street\": \"Near masjid\",\n                \"city\": \"Anantnag\",\n                \"state\": \"J&K\",\n                \"pinCode\": 192401,\n                \"country\": \"India\"\n            }\n        }","form":[]},"tests":[]},{"_id":"952680fa-ab55-4ddb-a3cd-79cfc4e0b861","colId":"689fc550-098e-4557-9dc4-4e7849d14606","containerId":"542f2f88-5e14-4095-a939-b8d11fae2269","name":"deleteStudent","url":"localhost:3000/students/63501bc23b0f5db65267ba7d","method":"DELETE","sortNum":90000,"created":"2022-10-18T19:14:56.563Z","modified":"2022-10-19T15:46:30.065Z","headers":[],"params":[],"tests":[]},{"_id":"f8077a71-f7df-4757-9a4a-3a37aadd804b","colId":"689fc550-098e-4557-9dc4-4e7849d14606","containerId":"1f4d2eed-dd02-46bf-82ff-49430b54d95e","name":"addSection","url":"localhost:3000/sections","method":"POST","sortNum":110000,"created":"2022-10-18T20:42:07.057Z","modified":"2022-10-19T15:30:22.402Z","headers":[],"params":[],"body":{"type":"json","raw":"{\n  \"id\":\"634ef0ccc174983332752ca4\",\n  \"section\":\"D\"\n}","form":[]},"tests":[]},{"_id":"7bde70c2-f899-454b-be92-a6b5985b42cd","colId":"689fc550-098e-4557-9dc4-4e7849d14606","containerId":"1f4d2eed-dd02-46bf-82ff-49430b54d95e","name":"getSection","url":"localhost:3000/sections/634f83c322e5b370e3e5e8ed","method":"GET","sortNum":120000,"created":"2022-10-19T05:00:44.753Z","modified":"2022-10-19T15:36:23.152Z","headers":[],"params":[],"tests":[]},{"_id":"b8b0a258-9b01-4dfc-a4c5-74139943207c","colId":"689fc550-098e-4557-9dc4-4e7849d14606","containerId":"1f4d2eed-dd02-46bf-82ff-49430b54d95e","name":"getAllSection","url":"localhost:3000/sections","method":"GET","sortNum":130000,"created":"2022-10-19T05:04:50.793Z","modified":"2022-10-19T05:05:05.735Z","headers":[],"params":[],"tests":[]},{"_id":"2fdc8266-a01d-411e-9c1e-52b629ebc040","colId":"689fc550-098e-4557-9dc4-4e7849d14606","containerId":"1a2576c9-f3d2-49f2-a659-32efa636d2b2","name":"deleteClass","url":"localhost:3000/classes/634ef0d4c174983332752ca6","method":"DELETE","sortNum":140000,"created":"2022-10-19T15:25:01.549Z","modified":"2022-10-19T15:25:58.146Z","headers":[],"params":[],"tests":[]},{"_id":"55746922-ce66-4ae4-ad13-b947fd211296","colId":"689fc550-098e-4557-9dc4-4e7849d14606","containerId":"1a2576c9-f3d2-49f2-a659-32efa636d2b2","name":"updateClass","url":"localhost:3000/classes/634ef0ccc174983332752ca4","method":"PUT","sortNum":150000,"created":"2022-10-19T15:27:21.228Z","modified":"2022-10-19T15:29:25.589Z","headers":[],"params":[],"body":{"type":"json","raw":"{\n \"name\": \"6ths\",\n    \"capacity\": 550\n}","form":[]},"tests":[]},{"_id":"c43cfb8d-2ab3-4c04-8107-8e2afc87e736","colId":"689fc550-098e-4557-9dc4-4e7849d14606","containerId":"1f4d2eed-dd02-46bf-82ff-49430b54d95e","name":"deleteSection","url":"localhost:3000/sections/6350180e89e21a3a9923cebc","method":"DELETE","sortNum":160000,"created":"2022-10-19T15:31:03.573Z","modified":"2022-10-19T15:44:39.588Z","headers":[],"params":[],"tests":[]},{"_id":"1e3e1e17-f1b7-4377-9b3a-6f4673a74fe8","colId":"689fc550-098e-4557-9dc4-4e7849d14606","containerId":"1f4d2eed-dd02-46bf-82ff-49430b54d95e","name":"updateSection","url":"localhost:3000/sections/634f83ce22e5b370e3e5e8f3","method":"PUT","sortNum":170000,"created":"2022-10-19T15:36:34.931Z","modified":"2022-10-20T05:35:44.964Z","headers":[{"name":"token","value":"eyJhbGciOiJIUzI1NiIsInR5cCI6IkpXVCJ9"}],"params":[],"body":{"type":"json","raw":"{\n\n  \"SectionName\": \"C\"\n}","form":[]},"tests":[]}]}
